resume_uploaded,karma,projects_added,batch_resume_uploaded_pct,event_fomo_score,should_nudge_resume,should_nudge_event
1,318,0,90,0.92,0,1
1,383,2,73,0.48,0,0
1,310,0,70,0.67,0,1
1,180,2,73,0.44,0,0
1,60,0,81,0.44,0,0
0,280,1,70,0.72,0,1
0,145,0,77,0.71,0,1
1,156,6,70,0.69,0,1
1,204,6,77,0.82,0,1
0,390,2,73,0.6,0,1
0,195,6,70,0.57,0,1
0,101,2,69,0.79,0,1
1,454,2,77,0.78,0,1
1,177,1,75,0.66,0,1
0,164,1,90,0.66,1,1
0,81,5,92,0.35,1,0
1,249,1,90,0.92,0,1
1,119,1,63,0.74,0,1
1,358,6,78,0.7,0,1
1,358,3,73,0.61,0,1
1,184,6,69,0.72,0,1
1,285,2,69,0.73,0,1
0,414,0,77,0.56,0,1
1,312,3,73,0.57,0,1
0,333,4,73,0.6,0,1
0,264,2,63,0.89,0,1
0,497,5,77,0.62,0,1
0,71,6,92,0.48,1,0
0,462,5,92,0.45,1,0
0,92,4,78,0.49,0,0
1,329,6,78,0.78,0,1
0,298,4,75,0.5,0,1
1,243,5,81,0.72,0,1
0,273,4,78,0.43,0,0
1,322,2,90,0.71,0,1
0,494,4,63,0.89,0,1
0,368,0,77,0.78,0,1
1,148,2,77,0.48,0,0
0,301,3,81,0.32,1,0
0,221,3,92,0.8,1,1
1,413,1,63,0.34,0,0
1,80,4,92,0.6,0,1
0,486,4,73,0.71,0,1
1,482,3,70,0.72,0,1
0,386,1,92,0.41,1,0
1,260,0,70,0.57,0,1
0,299,3,75,0.65,0,1
1,227,2,78,0.55,0,1
0,409,1,70,0.57,0,1
0,103,1,70,0.67,0,1
0,236,0,70,0.57,0,1
0,185,2,70,0.91,0,1
1,422,2,81,0.82,0,1
0,142,5,78,0.57,0,1
1,87,3,78,0.39,0,0
1,342,5,92,0.35,0,0
1,197,1,92,0.35,0,0
1,357,4,90,0.71,0,1
0,81,3,63,0.89,0,1
0,441,6,81,0.49,1,0
0,495,6,75,0.73,0,1
0,345,3,92,0.18,1,0
0,117,5,92,0.26,1,0
1,77,1,69,0.91,0,1
0,49,1,81,0.61,1,1
0,362,4,73,0.57,0,1
1,346,6,81,0.61,0,1
1,359,0,69,0.73,0,1
1,192,1,73,0.87,0,1
0,172,1,70,0.91,0,1
1,353,6,92,0.8,0,1
0,234,1,81,0.61,1,1
0,142,1,90,0.59,1,1
0,178,3,78,0.29,0,0
1,158,4,73,0.57,0,1
1,439,0,90,0.68,0,1
0,94,3,90,0.76,1,1
0,149,2,90,0.76,1,1
1,238,1,78,0.62,0,1
1,162,3,75,0.5,0,1
1,404,1,63,0.61,0,1
1,269,4,81,0.49,0,0
0,494,6,92,0.8,1,1
1,319,2,75,0.88,0,1
0,307,1,70,0.69,0,1
1,376,2,75,0.32,0,0
0,398,1,73,0.57,0,1
1,310,5,92,0.45,0,0
0,139,5,73,0.87,0,1
0,77,1,78,0.46,0,0
0,160,5,75,0.34,0,0
0,209,0,69,0.79,0,1
1,234,3,75,0.81,0,1
0,291,6,69,0.73,0,1
1,335,0,90,0.63,0,1
0,463,4,90,0.57,1,1
1,158,6,78,0.59,0,1
0,262,4,90,0.46,1,0
1,229,4,70,0.79,0,1
1,325,0,70,0.91,0,1
1,331,3,92,0.48,0,0
0,232,4,77,0.71,0,1
1,47,0,63,0.74,0,1
0,395,4,77,0.71,0,1
0,268,1,92,0.48,1,0
1,403,6,70,0.33,0,0
1,252,2,78,0.59,0,1
1,166,4,77,0.68,0,1
1,234,0,81,0.88,0,1
0,120,6,73,0.48,0,0
0,122,2,63,0.61,0,1
1,396,2,70,0.38,0,0
1,499,6,70,0.79,0,1
1,301,0,81,0.72,0,1
1,270,6,73,0.64,0,1
0,98,4,63,0.68,0,1
0,401,6,73,0.38,0,0
0,477,0,73,0.6,0,1
0,489,2,78,0.63,0,1
0,484,3,70,0.79,0,1
1,293,3,69,0.79,0,1
1,240,2,73,0.64,0,1
1,326,1,90,0.76,0,1
0,53,6,69,0.62,0,1
1,366,2,81,0.59,0,1
1,442,4,69,0.79,0,1
1,391,0,75,0.44,0,0
0,291,0,92,0.26,1,0
0,254,4,70,0.7,0,1
1,106,2,69,0.68,0,1
1,260,4,75,0.66,0,1
1,216,4,69,0.68,0,1
1,403,4,75,0.3,0,0
1,230,1,63,0.63,0,1
0,52,2,63,0.74,0,1
1,332,4,73,0.48,0,0
0,215,0,63,0.74,0,1
1,425,5,90,0.76,0,1
1,449,3,63,0.61,0,1
1,349,5,70,0.69,0,1
1,273,2,92,0.6,0,1
1,357,2,75,0.63,0,1
0,224,1,75,0.38,0,0
1,435,5,78,0.63,0,1
1,203,6,69,0.45,0,0
1,248,3,69,0.39,0,0
1,337,6,81,0.59,0,1
1,187,5,63,0.61,0,1
0,187,0,69,0.73,0,1
1,345,2,73,0.32,0,0
1,110,4,63,0.45,0,0
0,149,5,69,0.7,0,1
0,185,2,90,0.92,1,1
1,118,6,90,0.76,0,1
0,445,3,69,0.42,0,0
0,99,6,75,0.38,0,0
1,323,3,92,0.15,0,0
0,392,0,78,0.58,0,1
1,73,6,78,0.46,0,0
1,116,3,77,0.24,0,0
0,184,0,90,0.92,1,1
0,242,4,81,0.59,1,1
0,223,5,63,0.74,0,1
0,138,5,73,0.57,0,1
0,217,3,63,0.63,0,1
0,349,4,75,0.62,0,1
1,65,3,81,0.49,0,0
1,431,2,63,0.67,0,1
0,362,3,73,0.47,0,0
1,241,0,70,0.91,0,1
1,249,4,81,0.37,0,0
0,389,6,77,0.71,0,1
0,425,1,75,0.45,0,0
1,312,6,78,0.7,0,1
0,91,2,63,0.63,0,1
1,72,2,63,0.63,0,1
1,242,1,81,0.49,0,0
0,79,6,92,0.48,1,0
1,48,0,78,0.86,0,1
0,272,0,90,0.92,1,1
1,434,3,73,0.45,0,0
1,41,5,78,0.86,0,1
1,157,1,75,0.44,0,0
0,125,2,81,0.44,1,0
0,133,5,70,0.72,0,1
1,136,4,78,0.29,0,0
1,72,4,78,0.63,0,1
0,429,6,63,0.44,0,0
1,156,5,63,0.67,0,1
0,334,0,78,0.63,0,1
0,468,2,75,0.62,0,1
0,246,6,69,0.32,0,0
1,213,0,78,0.86,0,1
1,317,1,75,0.73,0,1
1,103,0,81,0.57,0,1
1,76,5,63,0.63,0,1
1,327,2,92,0.37,0,0
0,159,4,81,0.88,1,1
1,99,4,92,0.52,0,1
1,443,6,78,0.86,0,1
1,125,1,69,0.54,0,1
0,175,0,92,0.45,1,0
1,202,3,78,0.59,0,1
1,105,4,75,0.6,0,1
0,185,3,75,0.59,0,1
0,423,6,90,0.73,1,1
0,331,6,92,0.8,1,1
1,51,6,75,0.5,0,1
1,328,3,90,0.71,0,1
0,137,1,70,0.79,0,1
0,500,5,78,0.31,0,0
1,303,3,70,0.57,0,1
1,364,3,63,0.63,0,1
1,334,2,81,0.35,0,0
1,303,4,77,0.37,0,0
0,112,1,69,0.79,0,1
1,237,5,75,0.5,0,1
0,92,4,90,0.69,1,1
1,181,0,75,0.62,0,1
1,396,2,69,0.68,0,1
1,452,3,70,0.91,0,1
1,427,1,77,0.9,0,1
0,123,3,69,0.87,0,1
0,205,4,69,0.73,0,1
1,425,2,92,0.45,0,0
0,387,4,78,0.63,0,1
1,385,4,69,0.7,0,1
1,485,1,90,0.4,0,0
0,294,3,75,0.66,0,1
0,482,3,90,0.76,1,1
1,67,1,75,0.6,0,1
1,134,5,81,0.65,0,1
0,322,2,78,0.7,0,1
1,449,1,77,0.54,0,1
0,191,1,78,0.59,0,1
1,254,1,75,0.66,0,1
0,262,4,81,0.65,1,1
1,453,5,70,0.72,0,1
1,476,2,69,0.54,0,1
1,443,6,73,0.39,0,0
0,118,2,69,0.67,0,1
1,401,6,69,0.79,0,1
1,406,4,75,0.2,0,0
1,244,3,69,0.79,0,1
0,374,4,90,0.71,1,1
0,214,6,81,0.65,1,1
0,259,0,90,0.73,1,1
1,399,4,63,0.63,0,1
1,388,2,77,0.29,0,0
0,181,5,77,0.78,0,1
1,152,5,78,0.46,0,0
1,410,0,63,0.61,0,1
1,426,5,92,0.8,0,1
1,469,5,78,0.36,0,0
0,58,3,78,0.56,0,1
1,331,0,75,0.66,0,1
0,322,1,69,0.91,0,1
1,107,3,78,0.63,0,1
1,175,4,70,0.57,0,1
1,467,0,81,0.88,0,1
1,203,5,69,0.7,0,1
1,57,1,77,0.25,0,0
1,208,3,81,0.61,0,1
1,130,6,75,0.32,0,0
0,111,6,70,0.72,0,1
1,301,0,78,0.46,0,0
1,349,6,77,0.52,0,1
1,440,6,90,0.92,0,1
1,134,3,81,0.36,0,0
1,296,0,63,0.63,0,1
1,102,0,63,0.61,0,1
1,459,6,69,0.73,0,1
0,443,2,69,0.7,0,1
1,80,4,90,0.62,0,1
0,336,5,63,0.74,0,1
0,58,3,70,0.57,0,1
1,315,2,81,0.72,0,1
1,54,3,69,0.7,0,1
1,308,5,73,0.6,0,1
1,60,2,90,0.7,0,1
1,420,3,70,0.6,0,1
1,117,6,75,0.88,0,1
0,437,6,90,0.57,1,1
0,286,0,70,0.57,0,1
0,356,0,81,0.59,1,1
1,180,4,73,0.71,0,1
1,273,6,81,0.49,0,0
0,386,1,63,0.67,0,1
1,294,5,78,0.39,0,0
1,60,2,70,0.79,0,1
0,299,4,90,0.46,1,0
1,324,0,77,0.68,0,1
1,117,3,92,0.48,0,0
0,122,3,69,0.73,0,1
1,170,4,78,0.63,0,1
0,482,0,69,0.59,0,1
1,269,4,81,0.4,0,0
1,432,6,70,0.57,0,1
0,397,0,81,0.57,1,1
1,406,0,63,0.51,0,1
0,214,1,70,0.81,0,1
0,402,1,70,0.57,0,1
1,410,4,90,0.76,0,1
0,134,3,81,0.49,1,0
0,242,6,77,0.78,0,1
1,393,4,73,0.85,0,1
0,91,0,75,0.62,0,1
0,76,4,73,0.48,0,0
0,173,3,69,0.61,0,1
1,147,4,81,0.65,0,1
1,246,5,92,0.6,0,1
1,338,3,69,0.68,0,1
1,236,0,69,0.73,0,1
1,417,0,69,0.66,0,1
0,157,2,73,0.6,0,1
1,141,5,73,0.49,0,0
1,125,2,73,0.71,0,1
0,411,4,78,0.33,0,0
0,277,3,69,0.79,0,1
0,260,2,70,0.55,0,1
0,226,0,77,0.7,0,1
1,364,6,75,0.73,0,1
0,381,6,78,0.59,0,1
0,253,2,63,0.5,0,1
1,361,1,78,0.46,0,0
1,141,0,75,0.88,0,1
1,407,2,78,0.65,0,1
0,321,4,69,0.67,0,1
1,194,6,69,0.38,0,0
1,272,6,77,0.68,0,1
0,159,4,70,0.75,0,1
1,180,3,81,0.61,0,1
1,129,1,92,0.48,0,0
1,186,2,77,0.68,0,1
0,211,3,73,0.73,0,1
0,62,3,70,0.72,0,1
1,430,2,75,0.45,0,0
1,209,3,77,0.56,0,1
1,200,6,92,0.48,0,0
0,366,6,70,0.72,0,1
0,261,5,69,0.7,0,1
1,66,2,78,0.52,0,1
1,62,4,77,0.31,0,0
1,243,1,69,0.68,0,1
1,360,0,78,0.53,0,1
1,249,2,81,0.2,0,0
0,52,2,90,0.71,1,1
1,165,6,70,0.79,0,1
1,401,0,63,0.63,0,1
1,158,2,63,0.51,0,1
1,359,4,63,0.45,0,0
0,214,4,70,0.72,0,1
0,232,6,92,0.6,1,1
1,149,1,73,0.81,0,1
1,291,1,63,0.74,0,1
0,440,0,63,0.3,0,0
1,333,2,77,0.81,0,1
1,238,3,78,0.7,0,1
0,455,1,92,0.6,1,1
1,482,5,77,0.66,0,1
0,141,0,92,0.48,1,0
1,493,5,81,0.49,0,0
1,81,6,78,0.86,0,1
0,490,4,73,0.48,0,0
1,465,5,78,0.25,0,0
0,374,4,78,0.7,0,1
1,344,2,73,0.43,0,0
0,197,5,78,0.2,0,0
1,337,5,75,0.5,0,1
0,470,4,77,0.58,0,1
1,234,2,78,0.56,0,1
1,297,1,63,0.42,0,0
0,162,3,78,0.7,0,1
1,233,2,81,0.59,0,1
0,340,2,78,0.86,0,1
0,141,2,92,0.8,1,1
1,318,3,81,0.49,0,0
1,41,5,90,0.62,0,1
0,136,0,63,0.51,0,1
1,88,5,92,0.45,0,0
1,225,0,70,0.66,0,1
1,312,0,63,0.74,0,1
0,162,6,73,0.57,0,1
0,335,5,75,0.84,0,1
0,244,3,92,0.48,1,0
1,57,6,70,0.57,0,1
1,295,6,81,0.72,0,1
1,370,3,78,0.7,0,1
0,201,3,69,0.35,0,0
1,141,4,92,0.35,0,0
0,175,3,81,0.72,1,1
0,445,4,75,0.66,0,1
1,490,6,81,0.54,0,1
1,360,4,81,0.49,0,0
1,69,4,78,0.86,0,1
0,184,5,73,0.3,0,0
1,250,6,69,0.7,0,1
0,137,4,70,0.72,0,1
0,285,0,75,0.6,0,1
1,262,2,70,0.91,0,1
1,312,6,63,0.54,0,1
1,51,0,92,0.28,0,0
1,373,5,81,0.55,0,1
0,76,0,90,0.46,1,0
1,106,4,90,0.73,0,1
1,107,2,78,0.7,0,1
1,350,1,90,0.75,0,1
0,223,1,73,0.32,0,0
1,466,6,69,0.59,0,1
1,105,3,78,0.63,0,1
1,472,5,81,0.49,0,0
1,374,1,92,0.52,0,1
0,374,2,90,0.4,1,0
0,88,5,77,0.9,0,1
1,180,2,90,0.76,0,1
0,440,4,63,0.74,0,1
1,308,2,77,0.68,0,1
0,256,3,70,0.67,0,1
0,230,2,73,0.87,0,1
1,98,3,75,0.54,0,1
1,122,0,69,0.79,0,1
0,98,6,63,0.74,0,1
0,413,2,70,0.79,0,1
1,490,6,90,0.73,0,1
1,52,3,63,0.44,0,0
1,353,0,75,0.63,0,1
1,223,5,70,0.57,0,1
0,324,2,78,0.63,0,1
1,175,0,73,0.3,0,0
1,164,5,75,0.88,0,1
1,82,6,69,0.59,0,1
0,380,1,63,0.63,0,1
1,220,0,63,0.63,0,1
0,84,6,90,0.55,1,1
0,168,2,70,0.79,0,1
1,441,4,78,0.59,0,1
0,374,3,92,0.35,1,0
1,394,1,78,0.56,0,1
0,266,6,69,0.73,0,1
1,89,1,70,0.79,0,1
1,368,1,92,0.8,0,1
1,146,0,90,0.82,0,1
0,260,0,70,0.72,0,1
1,478,4,77,0.68,0,1
1,245,0,78,0.46,0,0
0,257,5,78,0.59,0,1
0,343,4,70,0.79,0,1
0,351,3,70,0.72,0,1
0,491,6,63,0.67,0,1
1,404,6,92,0.6,0,1
1,489,4,73,0.48,0,0
1,94,3,78,0.34,0,0
1,455,0,81,0.88,0,1
1,452,6,90,0.62,0,1
1,307,1,92,0.35,0,0
1,444,1,92,0.69,0,1
0,157,2,78,0.7,0,1
1,129,0,63,0.67,0,1
1,118,1,70,0.46,0,0
0,475,4,77,0.69,0,1
1,161,2,69,0.73,0,1
0,48,1,70,0.35,0,0
1,143,6,70,0.66,0,1
0,219,0,69,0.5,0,1
1,345,0,77,0.66,0,1
0,475,6,63,0.49,0,0
0,401,0,90,0.82,1,1
0,322,5,70,0.79,0,1
1,434,0,70,0.48,0,0
0,117,6,77,0.61,0,1
1,158,4,63,0.51,0,1
0,433,6,70,0.57,0,1
0,237,5,70,0.91,0,1
0,101,0,92,0.48,1,0
0,500,4,70,0.72,0,1
0,236,1,63,0.63,0,1
1,99,1,69,0.91,0,1
0,86,2,77,0.78,0,1
1,234,1,78,0.86,0,1
1,313,0,73,0.2,0,0
0,271,4,69,0.62,0,1
0,136,5,90,0.38,1,0
0,150,4,81,0.65,1,1
0,489,0,63,0.55,0,1
0,116,5,77,0.41,0,0
1,478,0,73,0.57,0,1
1,90,4,75,0.5,0,1
1,375,5,63,0.55,0,1
1,244,6,78,0.27,0,0
0,66,5,69,0.91,0,1
1,236,6,75,0.56,0,1
1,368,3,78,0.57,0,1
1,443,2,77,0.68,0,1
0,152,5,70,0.79,0,1
0,127,5,73,0.32,0,0
1,474,3,92,0.6,0,1
1,222,2,75,0.66,0,1
0,171,1,78,0.59,0,1
0,143,2,81,0.88,1,1
1,75,4,81,0.61,0,1
1,279,6,81,0.49,0,0
1,328,1,81,0.72,0,1
1,91,2,78,0.57,0,1
1,444,5,78,0.45,0,0
1,354,4,63,0.54,0,1
0,373,4,78,0.63,0,1
0,147,1,92,0.31,1,0
1,197,3,78,0.56,0,1
1,206,5,63,0.67,0,1
0,149,4,78,0.46,0,0
1,323,1,69,0.6,0,1
1,156,2,69,0.86,0,1
0,481,1,63,0.67,0,1
1,194,5,75,0.61,0,1
1,383,0,63,0.89,0,1
1,176,3,63,0.51,0,1
1,67,5,78,0.46,0,0
0,351,0,78,0.86,0,1
1,233,2,70,0.5,0,1
1,285,5,92,0.38,0,0
0,68,6,73,0.61,0,1
1,120,4,90,0.92,0,1
1,150,4,81,0.65,0,1
0,281,2,90,0.71,1,1
1,104,0,69,0.73,0,1
0,413,4,92,0.6,1,1
0,241,4,77,0.71,0,1
0,371,1,78,0.56,0,1
0,236,5,81,0.49,1,0
1,285,1,81,0.61,0,1
0,50,3,77,0.56,0,1
0,479,0,77,0.9,0,1
1,254,4,70,0.57,0,1
1,202,4,78,0.63,0,1
0,390,5,75,0.88,0,1
1,151,5,69,0.79,0,1
1,479,4,75,0.6,0,1
0,135,5,77,0.9,0,1
1,285,4,69,0.56,0,1
0,100,6,81,0.88,1,1
0,423,5,73,0.25,0,0
0,361,6,73,0.6,0,1
1,195,2,90,0.82,0,1
1,488,3,78,0.38,0,0
0,198,6,78,0.63,0,1
1,120,6,63,0.67,0,1
0,166,6,78,0.39,0,0
1,313,3,73,0.29,0,0
0,414,0,77,0.56,0,1
1,119,1,81,0.49,0,0
0,205,0,69,0.79,0,1
0,122,2,69,0.7,0,1
1,446,6,75,0.88,0,1
0,319,1,90,0.73,1,1
0,381,1,70,0.67,0,1
1,463,2,90,0.71,0,1
0,396,5,77,0.56,0,1
0,412,1,78,0.86,0,1
1,158,5,78,0.56,0,1
1,457,2,69,0.73,0,1
1,436,4,63,0.63,0,1
1,244,5,90,0.9,0,1
0,84,6,78,0.7,0,1
1,57,6,70,0.53,0,1
1,158,4,69,0.73,0,1
0,284,4,75,0.88,0,1
0,360,3,78,0.19,0,0
1,397,1,73,0.71,0,1
1,314,0,81,0.72,0,1
0,109,4,63,0.37,0,0
0,394,6,92,0.35,1,0
1,371,3,81,0.6,0,1
1,165,0,81,0.72,0,1
1,267,3,63,0.63,0,1
0,55,4,78,0.78,0,1
1,197,1,90,0.82,0,1
1,73,2,92,0.6,0,1
1,292,1,81,0.35,0,0
1,283,0,73,0.48,0,0
1,340,0,90,0.59,0,1
1,418,6,77,0.71,0,1
0,303,1,77,0.68,0,1
1,373,5,77,0.78,0,1
1,275,6,73,0.25,0,0
1,478,5,69,0.37,0,0
1,126,4,78,0.7,0,1
0,297,3,81,0.49,1,0
0,309,4,73,0.57,0,1
1,89,0,78,0.69,0,1
1,45,5,69,0.68,0,1
0,388,6,92,0.8,1,1
1,88,1,81,0.59,0,1
1,65,1,63,0.48,0,0
0,187,3,77,0.9,0,1
1,236,1,78,0.86,0,1
1,395,3,69,0.73,0,1
1,490,1,81,0.49,0,0
1,59,6,92,0.26,0,0
1,274,1,81,0.88,0,1
1,277,2,90,0.62,0,1
1,203,3,81,0.65,0,1
0,354,4,70,0.5,0,1
0,390,3,70,0.91,0,1
1,433,4,73,0.71,0,1
1,367,0,81,0.72,0,1
0,338,4,75,0.5,0,1
0,431,5,75,0.88,0,1
1,142,4,69,0.68,0,1
0,296,2,90,0.92,1,1
0,287,5,63,0.67,0,1
0,331,2,75,0.66,0,1
0,238,6,63,0.89,0,1
1,369,0,90,0.62,0,1
0,444,1,70,0.69,0,1
1,380,2,63,0.32,0,0
0,245,0,78,0.48,0,0
1,313,4,77,0.9,0,1
1,263,0,69,0.59,0,1
1,368,5,69,0.7,0,1
1,246,6,75,0.66,0,1
1,181,5,92,0.35,0,0
0,71,6,92,0.52,1,1
1,162,1,69,0.43,0,0
0,479,5,69,0.91,0,1
1,184,3,69,0.33,0,0
0,408,1,92,0.35,1,0
0,445,4,75,0.5,0,1
1,178,3,81,0.84,0,1
1,475,1,92,0.32,0,0
0,152,0,77,0.56,0,1
1,55,0,70,0.79,0,1
0,188,6,75,0.73,0,1
0,326,1,78,0.63,0,1
0,120,0,73,0.71,0,1
1,88,5,92,0.48,0,0
0,299,0,63,0.89,0,1
0,370,4,77,0.9,0,1
0,280,3,70,0.69,0,1
0,370,1,70,0.91,0,1
1,359,6,63,0.66,0,1
1,407,1,81,0.72,0,1
1,131,4,69,0.59,0,1
1,123,5,77,0.45,0,0
1,463,4,63,0.28,0,0
0,209,4,75,0.62,0,1
1,244,4,81,0.61,0,1
0,434,1,70,0.57,0,1
0,396,4,78,0.86,0,1
0,467,5,90,0.82,1,1
0,355,5,78,0.59,0,1
1,440,3,81,0.61,0,1
0,220,0,73,0.64,0,1
1,71,1,63,0.51,0,1
1,255,4,63,0.45,0,0
0,380,5,63,0.74,0,1
0,43,5,63,0.63,0,1
0,350,1,77,0.44,0,0
0,332,4,63,0.61,0,1
0,398,5,90,0.62,1,1
1,234,2,73,0.6,0,1
0,439,3,73,0.48,0,0
1,115,6,92,0.52,0,1
1,206,3,92,0.56,0,1
0,238,4,92,0.59,1,1
0,61,6,81,0.72,1,1
0,398,6,92,0.8,1,1
0,91,0,92,0.35,1,0
1,467,4,69,0.65,0,1
0,197,4,75,0.73,0,1
0,222,2,78,0.7,0,1
1,368,6,70,0.37,0,0
0,135,1,78,0.38,0,0
1,222,0,90,0.73,0,1
0,395,1,70,0.67,0,1
1,268,6,75,0.6,0,1
0,333,5,92,0.29,1,0
1,84,0,63,0.63,0,1
0,169,1,75,0.73,0,1
0,436,0,81,0.59,1,1
1,328,6,90,0.62,0,1
1,177,3,81,0.72,0,1
0,342,4,70,0.72,0,1
0,340,5,81,0.56,1,1
1,261,0,73,0.27,0,0
0,255,5,77,0.68,0,1
0,81,5,90,0.76,1,1
1,404,0,81,0.37,0,0
0,371,1,70,0.79,0,1
1,49,6,73,0.87,0,1
1,128,0,78,0.46,0,0
1,360,1,78,0.48,0,0
1,47,0,90,0.39,0,0
1,157,6,77,0.68,0,1
1,292,2,90,0.76,0,1
1,254,5,78,0.56,0,1
1,80,0,63,0.32,0,0
1,110,5,78,0.59,0,1
0,407,0,92,0.48,1,0
1,484,2,75,0.54,0,1
0,137,1,73,0.3,0,0
0,356,0,78,0.7,0,1
1,203,1,75,0.5,0,1
1,462,1,70,0.52,0,1
1,495,2,78,0.46,0,0
0,288,2,78,0.56,0,1
0,279,5,77,0.68,0,1
1,274,4,69,0.73,0,1
1,175,1,70,0.28,0,0
0,422,1,77,0.69,0,1
0,94,4,77,0.87,0,1
0,147,5,70,0.51,0,1
1,305,6,75,0.62,0,1
0,394,1,92,0.6,1,1
0,308,1,77,0.9,0,1
1,473,5,69,0.7,0,1
0,71,4,75,0.62,0,1
0,188,0,63,0.63,0,1
0,320,5,81,0.49,1,0
1,437,4,81,0.72,0,1
1,85,6,81,0.48,0,0
0,152,5,70,0.79,0,1
1,311,0,90,0.54,0,1
1,358,1,70,0.55,0,1
0,268,1,70,0.69,0,1
1,498,5,63,0.61,0,1
0,484,5,75,0.6,0,1
1,197,2,92,0.4,0,0
0,148,2,69,0.68,0,1
1,165,4,63,0.63,0,1
0,273,4,81,0.49,1,0
0,149,3,90,0.82,1,1
1,218,2,70,0.41,0,0
0,89,4,90,0.82,1,1
1,351,3,78,0.33,0,0
1,44,1,73,0.25,0,0
1,404,0,92,0.75,0,1
0,77,4,90,0.92,1,1
0,225,1,90,0.76,1,1
0,292,2,92,0.26,1,0
0,291,6,92,0.6,1,1
1,455,0,73,0.48,0,0
1,201,2,75,0.66,0,1
0,205,1,81,0.61,1,1
0,430,1,90,0.71,1,1
1,205,4,78,0.46,0,0
0,294,6,69,0.55,0,1
1,478,3,78,0.28,0,0
1,206,6,69,0.68,0,1
0,493,4,77,0.71,0,1
0,428,5,90,0.92,1,1
1,423,5,77,0.56,0,1
1,435,0,63,0.67,0,1
1,419,1,63,0.67,0,1
1,449,4,90,0.61,0,1
0,123,1,75,0.66,0,1
1,336,5,78,0.63,0,1
0,280,5,81,0.24,1,0
0,185,2,81,0.72,1,1
1,269,2,92,0.6,0,1
0,297,1,63,0.51,0,1
0,383,0,69,0.55,0,1
1,383,4,69,0.6,0,1
1,50,3,77,0.47,0,0
0,276,2,69,0.68,0,1
0,413,5,73,0.71,0,1
0,416,0,75,0.73,0,1
0,372,1,77,0.66,0,1
1,330,0,78,0.56,0,1
0,100,0,69,0.7,0,1
0,164,4,90,0.48,1,0
1,129,5,75,0.62,0,1
0,283,5,73,0.64,0,1
0,146,6,90,0.82,1,1
1,155,2,77,0.9,0,1
1,72,1,78,0.86,0,1
1,450,4,70,0.69,0,1
1,120,4,78,0.46,0,0
0,201,5,63,0.74,0,1
1,122,1,77,0.68,0,1
1,154,1,63,0.74,0,1
1,402,3,78,0.51,0,1
0,319,1,70,0.57,0,1
1,345,2,77,0.52,0,1
1,84,5,77,0.71,0,1
0,57,4,69,0.59,0,1
1,322,5,92,0.35,0,0
1,394,6,63,0.67,0,1
1,115,3,78,0.39,0,0
1,250,2,70,0.31,0,0
1,433,2,75,0.73,0,1
1,141,1,92,0.52,0,1
0,77,2,92,0.52,1,1
1,420,1,81,0.52,0,1
1,66,4,63,0.43,0,0
0,162,4,92,0.6,1,1
0,335,1,81,0.58,1,1
0,97,1,92,0.8,1,1
0,288,3,73,0.28,0,0
1,175,5,75,0.62,0,1
0,93,2,63,0.74,0,1
0,269,4,69,0.7,0,1
0,278,6,70,0.72,0,1
1,432,6,90,0.71,0,1
1,260,4,70,0.91,0,1
0,489,1,90,0.83,1,1
0,482,0,73,0.71,0,1
0,274,4,69,0.65,0,1
0,322,5,81,0.88,1,1
0,465,2,92,0.35,1,0
1,46,4,90,0.76,0,1
0,62,6,75,0.4,0,0
1,222,5,77,0.68,0,1
0,417,4,77,0.66,0,1
1,338,0,78,0.56,0,1
0,378,4,77,0.52,0,1
0,179,2,73,0.48,0,0
1,338,4,70,0.67,0,1
0,459,5,81,0.65,1,1
1,355,0,63,0.63,0,1
1,441,4,81,0.61,0,1
0,353,1,75,0.5,0,1
0,45,2,81,0.59,1,1
1,334,4,77,0.56,0,1
0,419,4,75,0.88,0,1
1,324,5,78,0.46,0,0
1,159,5,77,0.66,0,1
1,197,4,69,0.91,0,1
1,496,6,70,0.55,0,1
0,286,0,70,0.69,0,1
0,352,3,81,0.59,1,1
0,306,2,73,0.71,0,1
1,450,2,63,0.61,0,1
0,307,4,81,0.88,1,1
0,300,6,77,0.83,0,1
1,223,3,69,0.71,0,1
0,388,3,73,0.6,0,1
1,79,5,92,0.8,0,1
1,251,5,78,0.7,0,1
1,44,6,75,0.38,0,0
1,261,6,77,0.71,0,1
1,118,5,78,0.86,0,1
1,251,0,92,0.34,0,0
1,126,2,78,0.67,0,1
1,243,4,73,0.6,0,1
0,332,0,92,0.37,1,0
0,488,1,81,0.49,1,0
1,237,4,81,0.59,0,1
0,250,5,63,0.89,0,1
1,379,4,73,0.48,0,0
0,458,6,63,0.51,0,1
1,235,5,63,0.89,0,1
0,162,6,78,0.56,0,1
1,492,3,81,0.65,0,1
1,411,0,81,0.72,0,1
0,77,6,75,0.48,0,0
1,143,2,75,0.62,0,1
0,457,1,73,0.57,0,1
0,191,5,77,0.39,0,0
0,126,6,92,0.52,1,1
0,45,6,77,0.78,0,1
1,450,5,69,0.68,0,1
1,207,4,70,0.79,0,1
1,283,6,63,0.63,0,1
0,465,6,63,0.89,0,1
1,453,5,63,0.37,0,0
1,362,6,81,0.88,0,1
1,400,5,63,0.89,0,1
0,139,4,92,0.18,1,0
0,145,1,78,0.63,0,1
0,110,0,70,0.69,0,1
0,183,6,75,0.88,0,1
1,404,6,73,0.19,0,0
1,290,1,69,0.75,0,1
0,164,0,78,0.56,0,1
1,165,5,70,0.41,0,0
1,286,6,92,0.73,0,1
1,80,6,63,0.63,0,1
0,237,3,92,0.28,1,0
0,290,0,78,0.56,0,1
1,161,1,92,0.45,0,0
1,397,6,92,0.48,0,0
1,337,3,70,0.46,0,0
0,193,5,69,0.65,0,1
0,301,0,78,0.56,0,1
0,338,0,69,0.7,0,1
1,210,3,81,0.61,0,1
0,413,6,63,0.67,0,1
0,279,4,78,0.63,0,1
0,301,4,78,0.22,0,0
0,147,1,69,0.79,0,1
1,493,1,77,0.9,0,1
1,336,6,77,0.9,0,1
0,314,6,77,0.56,0,1
1,75,1,73,0.48,0,0
0,496,3,81,0.72,1,1
1,118,4,70,0.89,0,1
1,369,6,77,0.9,0,1
0,170,1,73,0.28,0,0
0,234,3,73,0.87,0,1
1,333,2,90,0.92,0,1
1,425,4,75,0.62,0,1
1,325,2,73,0.57,0,1
1,327,4,69,0.79,0,1
0,253,1,63,0.61,0,1
1,426,0,75,0.5,0,1
1,461,4,73,0.48,0,0
1,299,4,73,0.71,0,1
0,299,6,75,0.82,0,1
0,332,0,75,0.66,0,1
1,180,2,69,0.63,0,1
1,488,0,78,0.56,0,1
1,156,0,90,0.92,0,1
0,214,2,92,0.8,1,1
0,231,4,90,0.82,1,1
0,254,4,81,0.88,1,1
1,43,6,75,0.73,0,1
1,206,3,63,0.61,0,1
0,256,1,75,0.6,0,1
0,324,3,73,0.32,0,0
1,247,5,70,0.67,0,1
0,361,6,78,0.59,0,1
0,499,4,90,0.73,1,1
1,475,6,69,0.7,0,1
0,193,4,92,0.48,1,0
0,97,4,81,0.26,1,0
1,172,2,63,0.55,0,1
0,185,5,75,0.26,0,0
0,239,0,73,0.57,0,1
0,411,5,81,0.29,1,0
0,446,1,90,0.73,1,1
1,465,5,77,0.54,0,1
0,286,0,90,0.79,1,1
0,367,3,81,0.77,1,1
1,42,0,78,0.3,0,0
1,357,0,90,0.31,0,0
1,116,4,77,0.66,0,1
0,51,1,75,0.84,0,1
0,41,0,70,0.25,0,0
1,87,4,63,0.74,0,1
1,108,4,90,0.92,0,1
1,138,1,92,0.31,0,0
1,130,3,70,0.5,0,1
0,387,1,69,0.59,0,1
0,384,4,69,0.79,0,1
1,328,6,73,0.6,0,1
1,292,5,73,0.6,0,1
1,429,1,77,0.37,0,0
0,120,0,73,0.57,0,1
0,263,1,63,0.61,0,1
0,178,2,75,0.59,0,1
0,301,4,92,0.48,1,0
0,61,3,73,0.64,0,1
1,67,4,77,0.68,0,1
1,418,0,73,0.38,0,0
1,489,4,63,0.63,0,1
1,337,3,90,0.71,0,1
0,457,0,77,0.31,0,0
0,430,4,90,0.82,1,1
0,363,2,77,0.54,0,1
1,74,3,90,0.82,0,1
0,300,4,73,0.57,0,1
0,100,1,78,0.16,0,0
0,95,6,90,0.71,1,1
0,71,3,73,0.48,0,0
1,225,5,69,0.91,0,1
0,277,6,92,0.6,1,1
1,302,4,73,0.55,0,1
1,254,1,81,0.43,0,0
0,500,6,63,0.67,0,1
0,294,6,77,0.66,0,1
0,353,0,78,0.63,0,1
0,72,4,69,0.59,0,1
0,389,0,63,0.63,0,1
1,229,2,63,0.74,0,1
0,160,2,90,0.62,1,1
0,276,1,75,0.68,0,1
0,153,0,70,0.4,0,0
1,333,2,73,0.87,0,1
1,217,3,70,0.57,0,1
0,203,3,78,0.49,0,0
0,354,4,90,0.62,1,1
0,155,4,81,0.41,1,0
0,120,4,63,0.67,0,1
0,339,2,78,0.56,0,1
1,481,6,63,0.61,0,1
1,290,0,70,0.61,0,1
1,434,1,78,0.46,0,0
1,280,4,77,0.66,0,1
0,247,0,78,0.7,0,1
0,402,6,75,0.62,0,1
0,413,5,81,0.41,1,0
0,381,4,81,0.43,1,0
1,113,1,90,0.71,0,1
1,323,2,73,0.28,0,0
1,148,1,70,0.69,0,1
1,279,5,63,0.67,0,1
1,121,6,77,0.71,0,1
0,347,4,69,0.79,0,1
1,446,0,90,0.76,0,1
1,474,2,92,0.52,0,1
1,127,1,81,0.88,0,1
1,97,4,69,0.68,0,1
0,230,2,90,0.48,1,0
0,198,5,73,0.71,0,1
0,351,5,70,0.72,0,1
0,490,5,90,0.82,1,1
1,70,2,69,0.35,0,0
0,106,6,90,0.37,1,0
0,435,1,69,0.43,0,0
0,47,4,78,0.56,0,1
0,192,0,63,0.74,0,1
1,216,1,90,0.92,0,1
1,426,3,81,0.61,0,1
1,67,3,77,0.56,0,1
0,305,2,70,0.59,0,1
1,253,0,81,0.88,0,1
1,88,4,73,0.57,0,1
0,202,1,77,0.71,0,1
0,78,3,63,0.46,0,0
1,254,5,77,0.31,0,0
0,132,6,75,0.62,0,1
0,337,6,77,0.71,0,1
1,245,4,81,0.88,0,1
1,355,3,63,0.51,0,1
1,93,6,92,0.48,0,0
0,56,6,90,0.35,1,0
0,492,5,90,0.82,1,1
0,481,5,73,0.31,0,0
0,212,5,81,0.59,1,1
1,305,2,75,0.5,0,1
1,292,2,92,0.35,0,0
1,313,5,75,0.5,0,1
1,112,4,70,0.54,0,1
0,271,2,63,0.51,0,1
1,328,3,92,0.8,0,1
1,272,6,69,0.79,0,1
0,109,6,70,0.35,0,0
0,433,2,73,0.6,0,1
1,437,4,90,0.92,0,1
0,316,4,77,0.45,0,0
0,305,5,63,0.28,0,0
0,398,1,81,0.88,1,1
1,427,6,92,0.73,0,1
1,491,3,69,0.7,0,1
1,334,2,90,0.76,0,1
1,67,3,77,0.89,0,1
1,315,4,73,0.48,0,0
1,261,4,90,0.92,0,1
1,389,1,70,0.79,0,1
0,412,3,77,0.3,0,0
1,220,5,78,0.38,0,0
0,396,5,69,0.73,0,1
1,284,2,63,0.61,0,1
1,62,5,63,0.21,0,0
1,361,0,63,0.51,0,1
0,497,1,90,0.38,1,0
1,397,5,92,0.33,0,0
1,192,6,69,0.59,0,1
0,91,5,92,0.35,1,0
1,238,5,92,0.45,0,0
1,335,2,92,0.6,0,1
1,434,3,77,0.9,0,1
0,269,1,70,0.57,0,1
1,197,0,70,0.5,0,1
1,150,6,63,0.61,0,1
1,60,4,70,0.9,0,1
0,83,5,69,0.68,0,1
1,446,1,81,0.72,0,1
1,130,0,78,0.63,0,1
1,219,2,90,0.65,0,1
0,91,0,73,0.48,0,0
0,357,2,70,0.7,0,1
1,253,5,75,0.62,0,1
1,183,1,77,0.9,0,1
1,124,6,90,0.82,0,1
0,168,3,78,0.56,0,1
0,204,5,69,0.79,0,1
1,208,1,63,0.51,0,1
1,434,6,70,0.67,0,1
0,233,2,69,0.79,0,1
0,163,0,63,0.89,0,1
1,339,6,70,0.79,0,1
1,421,3,75,0.66,0,1
1,430,4,73,0.64,0,1
0,81,3,90,0.82,1,1
1,320,4,69,0.7,0,1
0,226,6,75,0.62,0,1
0,395,1,81,0.33,1,0
1,347,1,81,0.72,0,1
1,131,0,75,0.73,0,1
0,497,5,63,0.63,0,1
1,224,4,90,0.76,0,1
0,109,0,81,0.88,1,1
1,53,0,92,0.63,0,1
1,55,0,73,0.64,0,1
0,461,3,77,0.66,0,1
0,211,3,78,0.46,0,0
1,195,0,78,0.63,0,1
1,232,5,92,0.35,0,0
1,60,2,92,0.48,0,0
0,483,1,90,0.62,1,1
0,208,6,73,0.87,0,1
0,216,5,63,0.61,0,1
0,235,3,90,0.82,1,1
1,285,4,81,0.72,0,1
0,301,5,92,0.35,1,0
1,94,4,77,0.82,0,1
0,260,3,70,0.57,0,1
1,457,6,69,0.71,0,1
1,383,6,63,0.63,0,1
0,257,1,73,0.64,0,1
0,172,5,75,0.66,0,1
0,166,3,63,0.51,0,1
1,467,2,75,0.5,0,1
1,342,5,69,0.32,0,0
0,49,4,92,0.48,1,0
1,453,0,92,0.8,0,1
1,441,1,81,0.72,0,1
0,331,3,90,0.5,1,1
1,91,6,63,0.89,0,1
0,143,2,81,0.88,1,1
0,415,0,78,0.55,0,1
1,253,6,78,0.49,0,0
0,396,2,75,0.38,0,0
0,45,2,81,0.49,1,0
0,107,3,63,0.67,0,1
1,228,6,70,0.79,0,1
1,57,1,63,0.89,0,1
0,466,6,73,0.71,0,1
1,57,4,70,0.4,0,0
1,258,4,75,0.62,0,1
0,467,3,92,0.6,1,1
0,298,0,75,0.72,0,1
0,255,5,63,0.39,0,0
1,440,3,75,0.6,0,1
1,289,2,90,0.62,0,1
0,346,4,81,0.86,1,1
1,406,6,63,0.71,0,1
1,370,6,90,0.41,0,0
0,230,2,92,0.37,1,0
1,120,6,92,0.45,0,0
1,67,3,73,0.6,0,1
1,423,6,69,0.68,0,1
1,253,5,78,0.86,0,1
0,305,6,70,0.5,0,1
1,358,3,78,0.86,0,1
1,157,6,75,0.88,0,1
0,366,3,78,0.86,0,1
0,68,4,77,0.71,0,1
1,272,4,63,0.74,0,1
1,126,1,73,0.71,0,1
1,174,0,63,0.19,0,0
0,167,1,92,0.29,1,0
1,127,0,75,0.27,0,0
1,354,1,78,0.86,0,1
1,361,4,78,0.56,0,1
0,295,6,81,0.61,1,1
0,337,6,73,0.71,0,1
1,68,1,78,0.63,0,1
1,218,2,92,0.35,0,0
0,239,6,92,0.8,1,1
0,378,2,78,0.59,0,1
0,355,5,92,0.41,1,0
1,466,2,92,0.8,0,1
0,201,4,78,0.7,0,1
1,147,3,73,0.45,0,0
1,237,2,78,0.24,0,0
1,161,0,92,0.45,0,0
0,213,1,73,0.31,0,0
1,173,4,78,0.46,0,0
0,401,1,90,0.75,1,1
1,193,4,70,0.5,0,1
1,378,2,77,0.66,0,1
1,266,0,90,0.6,0,1
0,225,0,90,0.92,1,1
1,317,0,69,0.31,0,0
0,461,4,90,0.73,1,1
1,474,3,75,0.54,0,1
0,420,1,63,0.74,0,1
1,281,0,77,0.68,0,1
0,244,1,90,0.92,1,1
1,80,1,90,0.76,0,1
1,344,4,90,0.92,0,1
0,158,3,73,0.48,0,0
1,378,6,63,0.89,0,1
0,306,2,77,0.68,0,1
1,329,3,77,0.9,0,1
0,353,0,81,0.61,1,1
0,175,1,90,0.92,1,1
0,294,3,81,0.49,1,0
0,213,4,92,0.37,1,0
1,445,6,70,0.39,0,0
0,321,1,78,0.57,0,1
1,342,3,77,0.66,0,1
1,171,1,63,0.51,0,1
0,191,3,78,0.59,0,1
0,81,6,81,0.59,1,1
1,201,6,92,0.6,0,1
0,457,2,81,0.72,1,1
1,442,3,92,0.5,0,1
0,226,6,69,0.73,0,1
1,213,0,73,0.87,0,1
1,336,2,90,0.62,0,1
1,78,6,69,0.7,0,1
1,56,6,77,0.71,0,1
1,227,1,78,0.21,0,0
1,377,3,70,0.67,0,1
1,457,1,70,0.69,0,1
0,365,0,81,0.65,1,1
1,433,4,90,0.76,0,1
1,369,1,69,0.91,0,1
1,268,2,77,0.56,0,1
1,169,0,81,0.26,0,0
1,185,3,73,0.46,0,0
1,383,1,73,0.35,0,0
1,274,1,78,0.63,0,1
1,150,6,90,0.92,0,1
0,91,6,73,0.69,0,1
0,92,6,63,0.45,0,0
1,194,0,69,0.73,0,1
1,485,6,73,0.63,0,1
0,480,1,77,0.78,0,1
1,243,3,75,0.73,0,1
0,216,6,90,0.73,1,1
0,270,6,69,0.59,0,1
0,132,4,92,0.35,1,0
0,332,6,81,0.49,1,0
1,109,1,77,0.78,0,1
1,445,3,92,0.57,0,1
1,235,4,75,0.66,0,1
0,287,0,81,0.44,1,0
0,147,5,77,0.5,0,1
0,454,3,63,0.63,0,1
1,44,0,77,0.39,0,0
1,96,3,90,0.82,0,1
1,272,6,75,0.48,0,0
0,376,4,75,0.62,0,1
1,448,6,81,0.72,0,1
1,497,4,78,0.29,0,0
0,266,6,73,0.57,0,1
1,255,2,73,0.29,0,0
0,426,0,75,0.5,0,1
1,162,1,69,0.91,0,1
1,433,1,63,0.5,0,1
0,430,4,69,0.7,0,1
1,123,4,63,0.74,0,1
0,398,6,78,0.23,0,0
1,277,4,92,0.5,0,1
0,479,0,92,0.35,1,0
1,419,3,75,0.66,0,1
0,478,3,81,0.58,1,1
1,268,4,77,0.9,0,1
1,378,0,73,0.6,0,1
1,444,5,73,0.6,0,1
0,444,2,81,0.88,1,1
1,483,6,63,0.89,0,1
0,275,4,63,0.67,0,1
0,236,3,81,0.49,1,0
1,204,6,92,0.6,0,1
0,477,6,70,0.54,0,1
0,141,5,81,0.88,1,1
1,144,6,73,0.57,0,1
0,340,2,70,0.61,0,1
1,484,0,70,0.79,0,1
0,463,5,73,0.87,0,1
1,82,6,81,0.65,0,1
1,157,2,77,0.4,0,0
1,116,5,78,0.59,0,1
1,232,4,90,0.48,0,0
0,194,5,92,0.45,1,0
1,201,0,63,0.61,0,1
1,211,2,90,0.82,0,1
0,202,1,90,0.72,1,1
1,383,4,81,0.56,0,1
0,419,1,75,0.88,0,1
0,301,5,73,0.6,0,1
0,177,6,81,0.49,1,0
0,196,4,70,0.72,0,1
1,140,3,69,0.7,0,1
1,438,3,78,0.7,0,1
0,453,3,63,0.74,0,1
1,52,6,73,0.57,0,1
0,490,0,75,0.64,0,1
0,359,2,69,0.73,0,1
1,339,1,73,0.6,0,1
0,497,6,75,0.67,0,1
0,346,5,77,0.43,0,0
0,206,2,77,0.38,0,0
1,417,0,81,0.65,0,1
0,473,6,69,0.64,0,1
0,272,3,73,0.48,0,0
1,156,3,70,0.69,0,1
1,118,6,63,0.89,0,1
0,213,4,77,0.6,0,1
0,475,2,78,0.43,0,0
1,433,5,75,0.62,0,1
0,416,1,77,0.9,0,1
1,442,0,78,0.7,0,1
1,134,0,75,0.8,0,1
1,320,5,81,0.72,0,1
1,382,2,92,0.48,0,0
0,206,2,69,0.59,0,1
1,261,2,75,0.44,0,0
1,81,0,81,0.59,0,1
1,275,2,81,0.65,0,1
0,403,5,92,0.6,1,1
1,175,5,69,0.45,0,0
0,274,0,90,0.76,1,1
0,112,1,75,0.41,0,0
1,446,3,70,0.74,0,1
1,300,3,90,0.73,0,1
0,381,0,77,0.9,0,1
0,286,2,70,0.57,0,1
1,185,4,90,0.83,0,1
0,338,3,63,0.61,0,1
1,265,3,75,0.88,0,1
1,188,2,81,0.49,0,0
1,311,1,77,0.63,0,1
1,149,4,78,0.86,0,1
1,171,5,69,0.91,0,1
1,462,4,92,0.45,0,0
0,326,2,63,0.51,0,1
1,404,3,78,0.5,0,1
1,341,4,90,0.82,0,1
0,389,6,70,0.79,0,1
1,491,4,78,0.25,0,0
0,444,3,69,0.56,0,1
0,319,3,75,0.25,0,0
0,269,3,77,0.78,0,1
0,196,3,75,0.62,0,1
0,320,2,77,0.73,0,1
1,185,1,81,0.88,0,1
1,144,0,92,0.25,0,0
0,78,5,81,0.88,1,1
1,381,0,69,0.59,0,1
1,232,1,92,0.52,0,1
1,197,1,92,0.35,0,0
1,66,3,63,0.61,0,1
0,202,5,69,0.6,0,1
1,381,2,81,0.49,0,0
1,199,1,90,0.73,0,1
1,467,0,75,0.73,0,1
0,265,4,63,0.74,0,1
1,90,5,63,0.89,0,1
1,338,2,78,0.7,0,1
0,309,5,81,0.88,1,1
1,456,0,81,0.4,0,0
0,97,4,81,0.88,1,1
0,300,5,73,0.57,0,1
1,260,3,75,0.61,0,1
1,41,0,69,0.34,0,0
1,89,2,75,0.6,0,1
1,278,1,69,0.79,0,1
0,341,4,70,0.37,0,0
0,112,2,92,0.48,1,0
1,346,0,63,0.51,0,1
1,45,5,92,0.22,0,0
0,440,1,69,0.68,0,1
0,440,2,63,0.89,0,1
0,188,6,81,0.39,1,0
1,162,4,70,0.79,0,1
1,201,0,70,0.76,0,1
1,242,5,75,0.72,0,1
1,378,2,73,0.38,0,0
0,47,6,70,0.85,0,1
0,426,4,69,0.79,0,1
1,221,1,90,0.59,0,1
0,348,2,90,0.76,1,1
1,189,3,75,0.38,0,0
0,353,0,73,0.71,0,1
1,493,5,75,0.88,0,1
0,323,4,73,0.6,0,1
1,90,3,70,0.69,0,1
1,197,6,90,0.76,0,1
0,490,0,70,0.66,0,1
1,237,6,73,0.48,0,0
1,365,3,77,0.66,0,1
0,164,3,69,0.79,0,1
0,88,2,77,0.78,0,1
0,437,2,70,0.79,0,1
0,469,2,78,0.46,0,0
1,89,4,92,0.35,0,0
1,194,4,77,0.36,0,0
0,266,6,63,0.89,0,1
0,467,5,77,0.71,0,1
0,478,3,92,0.41,1,0
1,368,2,90,0.73,0,1
1,335,6,75,0.66,0,1
0,100,1,81,0.6,1,1
1,160,3,78,0.31,0,0
1,196,6,90,0.48,0,0
1,310,2,63,0.89,0,1
1,230,0,81,0.65,0,1
0,89,2,81,0.49,1,0
1,260,0,92,0.6,0,1
1,379,5,63,0.52,0,1
0,374,5,90,0.71,1,1
0,217,5,78,0.46,0,0
0,196,4,90,0.76,1,1
0,260,5,81,0.72,1,1
1,238,3,78,0.41,0,0
1,472,1,63,0.54,0,1
1,149,0,73,0.61,0,1
1,241,1,75,0.88,0,1
1,472,4,75,0.6,0,1
0,485,0,69,0.49,0,0
1,153,3,90,0.86,0,1
0,412,5,73,0.48,0,0
0,429,4,90,0.34,1,0
0,443,1,81,0.65,1,1
0,374,4,92,0.14,1,0
1,326,3,73,0.82,0,1
1,181,0,69,0.62,0,1
0,265,5,81,0.5,1,1
1,167,6,69,0.68,0,1
0,480,1,77,0.9,0,1
0,368,0,90,0.39,1,0
0,341,2,78,0.7,0,1
0,212,1,70,0.67,0,1
0,110,0,78,0.46,0,0
1,485,6,70,0.69,0,1
0,124,5,77,0.71,0,1
0,480,5,70,0.79,0,1
0,78,6,77,0.71,0,1
0,264,1,90,0.48,1,0
1,285,6,81,0.66,0,1
1,210,5,75,0.63,0,1
0,329,6,63,0.51,0,1
0,113,4,63,0.61,0,1
1,425,1,75,0.62,0,1
0,268,6,70,0.79,0,1
1,301,4,75,0.73,0,1
1,272,6,70,0.72,0,1
1,256,5,90,0.92,0,1
0,168,6,70,0.79,0,1
0,386,0,73,0.7,0,1
0,203,5,73,0.87,0,1
0,135,5,69,0.79,0,1
1,162,1,81,0.59,0,1
0,266,4,75,0.21,0,0
0,220,0,70,0.72,0,1
1,391,5,63,0.37,0,0
1,366,5,63,0.61,0,1
1,401,1,92,0.8,0,1
1,112,2,90,0.73,0,1
0,316,4,78,0.46,0,0
1,225,3,70,0.69,0,1
0,279,3,75,0.61,0,1
1,177,5,81,0.49,0,0
1,351,0,92,0.48,0,0
0,116,0,63,0.74,0,1
1,371,6,77,0.62,0,1
0,108,6,78,0.49,0,0
0,122,6,92,0.45,1,0
1,277,5,90,0.76,0,1
0,75,1,70,0.79,0,1
1,375,0,70,0.75,0,1
1,213,1,81,0.72,0,1
0,468,1,73,0.6,0,1
1,145,0,77,0.78,0,1
1,249,1,78,0.55,0,1
1,91,6,73,0.46,0,0
0,371,1,78,0.7,0,1
0,124,4,81,0.43,1,0
0,124,5,69,0.73,0,1
0,273,1,77,0.68,0,1
1,442,4,70,0.91,0,1
1,145,3,90,0.41,0,0
1,485,5,73,0.64,0,1
1,466,0,77,0.66,0,1
1,362,3,92,0.6,0,1
0,398,1,69,0.79,0,1
0,274,0,69,0.28,0,0
1,494,6,90,0.82,0,1
1,56,1,70,0.45,0,0
1,361,1,63,0.56,0,1
1,365,1,75,0.73,0,1
1,390,4,77,0.66,0,1
0,178,6,90,0.73,1,1
1,65,5,73,0.87,0,1
1,191,2,73,0.54,0,1
1,68,0,77,0.9,0,1
1,394,1,92,0.6,0,1
0,285,3,69,0.82,0,1
0,424,4,73,0.71,0,1
1,59,6,69,0.59,0,1
1,500,5,75,0.46,0,0
0,345,0,69,0.7,0,1
0,325,3,75,0.6,0,1
1,342,3,77,0.78,0,1
1,97,0,81,0.72,0,1
0,288,1,90,0.65,1,1
0,102,6,90,0.82,1,1
0,445,6,73,0.64,0,1
0,280,3,73,0.64,0,1
0,418,1,70,0.9,0,1
0,80,2,69,0.79,0,1
0,240,4,77,0.71,0,1
1,351,0,70,0.72,0,1
1,278,0,78,0.63,0,1
0,65,6,73,0.57,0,1
1,470,2,75,0.5,0,1
1,420,4,70,0.57,0,1
0,282,1,69,0.79,0,1
1,193,2,90,0.82,0,1
0,369,2,77,0.9,0,1
0,486,6,81,0.72,1,1
0,198,5,69,0.91,0,1
1,241,6,90,0.71,0,1
1,438,6,81,0.49,0,0
1,235,3,63,0.57,0,1
0,428,6,77,0.9,0,1
0,440,5,70,0.79,0,1
1,254,6,70,0.4,0,0
0,123,0,70,0.57,0,1
0,202,0,92,0.52,1,1
0,202,3,78,0.48,0,0
0,420,5,77,0.54,0,1
1,93,5,81,0.72,0,1
1,220,0,77,0.66,0,1
0,258,2,75,0.62,0,1
0,404,0,75,0.5,0,1
0,87,5,63,0.63,0,1
1,233,0,90,0.92,0,1
0,317,6,70,0.69,0,1
0,209,0,78,0.7,0,1
1,83,2,81,0.61,0,1
0,399,2,63,0.52,0,1
1,318,6,90,0.39,0,0
1,369,4,63,0.67,0,1
1,332,1,77,0.32,0,0
0,173,0,81,0.61,1,1
1,96,3,69,0.24,0,0
1,480,3,90,0.82,0,1
0,266,3,69,0.69,0,1
0,479,5,92,0.52,1,1
1,404,1,70,0.72,0,1
1,399,6,69,0.91,0,1
0,196,5,77,0.78,0,1
1,197,3,69,0.68,0,1
1,122,4,78,0.27,0,0
1,499,1,78,0.63,0,1
0,471,1,78,0.34,0,0
1,463,0,92,0.45,0,0
1,58,2,75,0.73,0,1
1,185,3,77,0.71,0,1
1,500,5,90,0.73,0,1
1,278,3,63,0.67,0,1
1,213,1,73,0.35,0,0
1,244,5,90,0.44,0,0
0,275,0,77,0.89,0,1
1,137,2,92,0.48,0,0
0,308,0,73,0.57,0,1
0,400,3,70,0.51,0,1
1,277,5,63,0.51,0,1
0,432,0,73,0.32,0,0
0,256,4,81,0.49,1,0
0,257,6,70,0.76,0,1
0,399,5,70,0.72,0,1
1,107,2,92,0.6,0,1
0,134,2,78,0.7,0,1
0,208,4,69,0.68,0,1
1,87,6,70,0.91,0,1
1,421,5,77,0.65,0,1
0,357,2,78,0.7,0,1
1,110,5,73,0.48,0,0
1,408,3,77,0.68,0,1
0,332,6,69,0.7,0,1
1,358,6,63,0.63,0,1
1,401,2,78,0.59,0,1
0,423,4,63,0.63,0,1
0,274,6,77,0.56,0,1
0,257,3,90,0.71,1,1
0,493,6,90,0.62,1,1
0,122,4,77,0.56,0,1
1,79,1,69,0.76,0,1
1,321,3,73,0.48,0,0
1,93,2,69,0.59,0,1
1,310,0,90,0.76,0,1
1,331,4,78,0.26,0,0
0,263,1,78,0.58,0,1
0,120,4,77,0.35,0,0
1,189,4,81,0.72,0,1
0,288,0,63,0.76,0,1
0,411,3,73,0.57,0,1
1,383,1,63,0.34,0,0
1,244,3,73,0.87,0,1
0,338,6,90,0.71,1,1
1,136,0,70,0.69,0,1
1,347,3,69,0.59,0,1
0,101,0,75,0.49,0,0
0,165,6,75,0.6,0,1
1,475,4,70,0.67,0,1
0,117,1,77,0.44,0,0
1,243,3,73,0.28,0,0
0,479,3,75,0.6,0,1
0,255,3,73,0.25,0,0
0,99,1,69,0.91,0,1
1,234,0,69,0.57,0,1
1,380,5,70,0.79,0,1
0,133,5,92,0.45,1,0
1,347,6,90,0.82,0,1
1,72,1,81,0.88,0,1
0,101,6,69,0.71,0,1
1,121,4,81,0.49,0,0
1,425,3,81,0.59,0,1
1,464,6,81,0.3,0,0
0,187,4,70,0.72,0,1
1,260,1,81,0.7,0,1
1,121,6,90,0.71,0,1
1,370,2,75,0.6,0,1
1,473,2,69,0.82,0,1
1,159,1,77,0.44,0,0
1,460,6,78,0.47,0,0
0,289,5,90,0.76,1,1
0,297,3,75,0.43,0,0
1,71,3,81,0.45,0,0
1,261,3,78,0.63,0,1
1,486,2,73,0.71,0,1
0,130,5,69,0.7,0,1
1,453,2,78,0.25,0,0
1,395,3,63,0.43,0,0
0,74,5,92,0.8,1,1
1,200,6,81,0.61,0,1
1,310,2,70,0.69,0,1
1,88,4,75,0.62,0,1
0,98,4,63,0.85,0,1
0,474,1,77,0.86,0,1
1,421,1,63,0.89,0,1
0,337,6,92,0.19,1,0
0,456,5,78,0.52,0,1
1,52,5,69,0.91,0,1
0,357,1,69,0.79,0,1
0,264,1,75,0.62,0,1
0,419,3,90,0.76,1,1
0,253,4,75,0.5,0,1
1,451,4,69,0.73,0,1
1,189,6,73,0.48,0,0
1,404,5,90,0.62,0,1
0,312,6,69,0.68,0,1
1,465,0,75,0.6,0,1
0,94,6,75,0.53,0,1
1,466,0,81,0.61,0,1
0,374,0,69,0.79,0,1
1,377,1,77,0.66,0,1
0,251,3,77,0.71,0,1
0,230,5,81,0.35,1,0
1,241,5,90,0.76,0,1
1,343,1,69,0.69,0,1
0,89,3,75,0.54,0,1
0,164,4,70,0.57,0,1
1,194,5,63,0.89,0,1
1,297,5,70,0.57,0,1
1,213,1,70,0.71,0,1
1,220,6,69,0.79,0,1
1,61,4,78,0.7,0,1
1,348,0,81,0.32,0,0
0,126,1,77,0.9,0,1
1,187,4,73,0.18,0,0
1,51,6,75,0.6,0,1
0,127,5,69,0.31,0,0
0,428,4,77,0.78,0,1
0,493,4,81,0.49,1,0
0,314,3,63,0.89,0,1
1,142,3,73,0.48,0,0
1,369,3,78,0.56,0,1
0,345,4,77,0.6,0,1
1,386,1,69,0.79,0,1
1,242,6,69,0.33,0,0
0,318,2,92,0.27,1,0
0,451,2,63,0.74,0,1
1,64,6,63,0.59,0,1
1,460,6,75,0.62,0,1
1,213,1,63,0.67,0,1
0,492,6,92,0.4,1,0
1,315,3,75,0.6,0,1
0,78,0,69,0.56,0,1
0,168,2,81,0.49,1,0
0,109,1,77,0.66,0,1
1,102,6,92,0.38,0,0
0,194,1,92,0.35,1,0
1,133,4,63,0.51,0,1
0,205,2,81,0.72,1,1
0,465,3,73,0.6,0,1
1,370,0,77,0.68,0,1
1,364,6,77,0.56,0,1
1,316,3,69,0.73,0,1
1,252,1,63,0.61,0,1
1,167,5,92,0.6,0,1
0,308,4,73,0.48,0,0
1,219,1,81,0.44,0,0
1,342,1,92,0.6,0,1
0,440,6,90,0.73,1,1
0,231,5,78,0.7,0,1
0,260,6,77,0.68,0,1
1,399,2,63,0.61,0,1
0,437,2,70,0.69,0,1
0,309,5,69,0.73,0,1
1,149,1,69,0.72,0,1
0,481,1,75,0.66,0,1
0,193,4,78,0.7,0,1
1,397,5,77,0.56,0,1
1,72,1,73,0.57,0,1
0,357,2,70,0.76,0,1
0,93,3,63,0.61,0,1
1,157,4,70,0.6,0,1
1,84,3,69,0.54,0,1
1,374,2,78,0.7,0,1
0,110,6,73,0.38,0,0
1,332,2,77,0.27,0,0
0,496,3,75,0.88,0,1
0,304,0,92,0.6,1,1
0,465,0,77,0.76,0,1
1,473,4,77,0.66,0,1
0,370,5,90,0.62,1,1
0,330,0,69,0.68,0,1
0,425,4,92,0.6,1,1
1,294,4,77,0.71,0,1
1,466,6,73,0.48,0,0
0,367,6,73,0.48,0,0
0,102,6,73,0.6,0,1
1,344,0,69,0.91,0,1
1,220,0,69,0.68,0,1
1,242,0,92,0.41,0,0
1,261,0,70,0.79,0,1
0,152,5,78,0.86,0,1
0,306,0,78,0.37,0,0
1,435,3,81,0.61,0,1
1,311,0,69,0.79,0,1
0,248,0,77,0.66,0,1
1,224,2,73,0.39,0,0
1,94,2,63,0.61,0,1
1,458,1,73,0.48,0,0
0,444,4,73,0.71,0,1
1,99,5,90,0.71,0,1
1,141,1,69,0.43,0,0
1,41,5,77,0.71,0,1
0,416,0,70,0.45,0,0
1,272,2,78,0.86,0,1
1,269,3,81,0.59,0,1
0,192,1,70,0.72,0,1
1,159,3,90,0.71,0,1
0,348,6,70,0.67,0,1
1,122,1,63,0.67,0,1
1,449,2,81,0.37,0,0
0,497,6,78,0.44,0,0
1,269,5,78,0.28,0,0
0,191,4,73,0.57,0,1
1,58,6,75,0.86,0,1
0,329,0,69,0.52,0,1
0,272,1,70,0.57,0,1
0,245,3,73,0.25,0,0
0,329,3,77,0.56,0,1
1,409,6,90,0.82,0,1
1,77,6,92,0.6,0,1
1,354,1,69,0.33,0,0
1,242,6,92,0.28,0,0
0,291,4,63,0.67,0,1
0,344,4,78,0.59,0,1
0,271,6,73,0.48,0,0
1,387,4,78,0.63,0,1
0,150,5,81,0.49,1,0
0,299,2,78,0.7,0,1
0,60,1,90,0.82,1,1
1,345,3,77,0.9,0,1
0,89,6,73,0.71,0,1
1,202,6,69,0.67,0,1
1,99,5,73,0.48,0,0
1,213,0,90,0.71,0,1
0,211,6,63,0.67,0,1
0,44,6,69,0.7,0,1
1,284,2,92,0.52,0,1
1,234,1,81,0.49,0,0
0,486,1,63,0.47,0,0
1,459,2,90,0.92,0,1
1,276,2,77,0.89,0,1
0,231,3,73,0.64,0,1
1,427,0,90,0.62,0,1
1,208,1,92,0.3,0,0
0,330,2,92,0.41,1,0
0,475,2,70,0.69,0,1
0,54,4,63,0.28,0,0
0,136,0,73,0.84,0,1
0,204,0,90,0.59,1,1
0,214,0,73,0.87,0,1
0,362,3,77,0.56,0,1
1,453,4,81,0.72,0,1
0,425,3,69,0.59,0,1
0,353,2,77,0.9,0,1
0,234,3,75,0.21,0,0
1,301,5,63,0.67,0,1
0,389,6,77,0.71,0,1
0,63,4,92,0.23,1,0
0,452,0,90,0.82,1,1
0,204,1,92,0.45,1,0
1,258,2,92,0.48,0,0
0,458,3,92,0.72,1,1
1,113,0,78,0.46,0,0
0,250,3,92,0.3,1,0
1,140,0,77,0.71,0,1
0,299,4,78,0.46,0,0
1,272,6,77,0.88,0,1
1,475,5,77,0.76,0,1
1,475,3,90,0.62,0,1
1,199,4,90,0.62,0,1
1,281,5,63,0.61,0,1
0,220,3,70,0.9,0,1
1,436,6,75,0.3,0,0
0,215,0,73,0.34,0,0
0,72,3,90,0.82,1,1
0,122,2,77,0.9,0,1
1,214,0,78,0.56,0,1
0,202,4,75,0.88,0,1
1,464,4,92,0.35,0,0
0,325,4,77,0.66,0,1
1,58,4,78,0.86,0,1
1,112,6,90,0.56,0,1
1,448,3,92,0.56,0,1
1,51,2,73,0.31,0,0
1,287,3,90,0.62,0,1
0,140,4,81,0.65,1,1
0,298,3,63,0.74,0,1
1,357,2,92,0.8,0,1
1,420,2,81,0.88,0,1
1,486,4,63,0.23,0,0
0,142,5,63,0.61,0,1
1,150,1,92,0.52,0,1
1,57,5,90,0.92,0,1
0,208,0,90,0.5,1,1
0,143,1,81,0.41,1,0
0,467,4,70,0.79,0,1
0,367,1,70,0.67,0,1
1,80,0,73,0.64,0,1
0,271,0,81,0.37,1,0
0,331,3,90,0.63,1,1
1,260,6,70,0.69,0,1
0,218,2,77,0.49,0,0
0,337,4,78,0.7,0,1
0,175,4,92,0.8,1,1
1,318,0,77,0.71,0,1
0,171,0,63,0.67,0,1
1,95,5,63,0.74,0,1
1,257,6,81,0.88,0,1
1,362,0,77,0.68,0,1
1,446,5,70,0.79,0,1
0,374,5,90,0.76,1,1
1,429,2,77,0.9,0,1
0,152,5,92,0.8,1,1
0,458,1,75,0.5,0,1
0,71,4,73,0.57,0,1
1,280,6,92,0.8,0,1
0,150,5,63,0.51,0,1
1,327,4,81,0.59,0,1
1,460,0,70,0.69,0,1
0,140,0,73,0.6,0,1
1,291,3,75,0.8,0,1
1,172,6,78,0.46,0,0
1,233,3,73,0.44,0,0
0,196,2,92,0.44,1,0
1,261,6,77,0.78,0,1
1,248,4,63,0.51,0,1
1,498,0,90,0.76,0,1
1,68,2,81,0.65,0,1
0,112,6,75,0.62,0,1
1,290,5,81,0.3,0,0
0,431,3,90,0.82,1,1
0,245,6,77,0.71,0,1
1,185,2,90,0.92,0,1
0,93,1,75,0.55,0,1
1,440,1,73,0.26,0,0
0,144,1,92,0.48,1,0
1,290,6,70,0.37,0,0
0,404,0,73,0.5,0,1
1,106,0,70,0.67,0,1
1,104,5,92,0.6,0,1
0,362,5,63,0.89,0,1
0,128,4,92,0.6,1,1
0,96,2,70,0.69,0,1
1,250,2,81,0.59,0,1
0,137,5,75,0.65,0,1
1,402,2,69,0.68,0,1
0,399,5,90,0.56,1,1
1,343,4,77,0.35,0,0
0,421,3,78,0.46,0,0
0,127,3,77,0.69,0,1
0,236,1,78,0.41,0,0
1,146,0,81,0.65,0,1
0,77,2,73,0.37,0,0
0,107,3,75,0.61,0,1
0,108,2,75,0.5,0,1
0,144,5,73,0.22,0,0
1,170,1,73,0.57,0,1
1,86,6,63,0.67,0,1
1,444,0,77,0.72,0,1
0,409,6,77,0.66,0,1
0,129,4,90,0.73,1,1
0,225,6,78,0.39,0,0
0,164,4,92,0.36,1,0
0,212,1,92,0.45,1,0
1,468,2,90,0.76,0,1
1,482,3,90,0.73,0,1
0,204,3,69,0.73,0,1
0,201,5,73,0.6,0,1
1,384,0,78,0.63,0,1
0,75,0,73,0.54,0,1
1,45,4,63,0.4,0,0
0,373,2,70,0.72,0,1
1,143,2,78,0.86,0,1
0,460,0,75,0.5,0,1
0,481,6,75,0.66,0,1
0,263,5,75,0.6,0,1
1,414,5,70,0.79,0,1
1,191,5,70,0.67,0,1
0,136,5,73,0.64,0,1
0,163,5,90,0.85,1,1
1,40,1,78,0.7,0,1
0,338,4,78,0.2,0,0
1,262,4,78,0.6,0,1
1,62,2,73,0.6,0,1
1,287,1,70,0.52,0,1
1,190,5,90,0.82,0,1
0,315,5,92,0.8,1,1
1,313,3,75,0.66,0,1
0,349,1,78,0.59,0,1
1,385,2,92,0.48,0,0
0,490,6,73,0.57,0,1
1,321,6,75,0.66,0,1
1,244,6,70,0.77,0,1
0,411,1,75,0.28,0,0
1,367,3,78,0.59,0,1
1,284,2,77,0.78,0,1
1,277,5,69,0.91,0,1
1,163,0,92,0.6,0,1
0,264,5,69,0.79,0,1
1,201,4,77,0.52,0,1
0,65,0,63,0.33,0,0
1,335,3,63,0.65,0,1
1,245,3,90,0.82,0,1
0,279,0,75,0.73,0,1
0,108,3,78,0.63,0,1
1,392,2,63,0.74,0,1
0,275,1,70,0.69,0,1
1,296,4,77,0.66,0,1
0,212,0,81,0.86,1,1
0,139,5,73,0.57,0,1
1,272,5,63,0.51,0,1
0,413,4,70,0.43,0,0
0,456,3,73,0.41,0,0
1,285,0,92,0.48,0,0
0,457,5,81,0.65,1,1
0,390,6,90,0.76,1,1
0,475,0,70,0.69,0,1
1,483,6,92,0.48,0,0
0,386,0,73,0.64,0,1
1,105,6,77,0.6,0,1
1,246,3,75,0.65,0,1
1,372,4,77,0.59,0,1
1,377,5,92,0.8,0,1
0,54,1,73,0.78,0,1
1,324,2,77,0.27,0,0
1,445,2,63,0.63,0,1
1,429,5,75,0.5,0,1
0,489,3,69,0.62,0,1
1,414,6,70,0.72,0,1
1,222,5,73,0.34,0,0
1,242,1,90,0.82,0,1
1,73,1,92,0.35,0,0
0,239,4,63,0.51,0,1
1,105,0,70,0.79,0,1
1,93,3,73,0.6,0,1
1,61,1,81,0.88,0,1
1,153,4,73,0.64,0,1
0,248,6,92,0.35,1,0
0,117,3,92,0.22,1,0
1,57,2,63,0.63,0,1
1,111,3,73,0.55,0,1
1,327,2,90,0.76,0,1
0,369,5,70,0.79,0,1
1,136,1,75,0.88,0,1
1,80,6,70,0.69,0,1
1,453,3,73,0.6,0,1
0,130,5,75,0.6,0,1
1,65,3,75,0.66,0,1
1,236,3,70,0.79,0,1
1,225,2,75,0.6,0,1
1,313,4,70,0.72,0,1
1,394,3,73,0.7,0,1
0,423,2,92,0.6,1,1
1,349,2,69,0.85,0,1
0,161,2,69,0.79,0,1
0,423,1,63,0.51,0,1
0,490,3,63,0.89,0,1
0,406,6,70,0.69,0,1
0,251,6,63,0.61,0,1
0,424,2,78,0.59,0,1
1,317,2,81,0.55,0,1
1,426,3,73,0.64,0,1
0,110,1,73,0.48,0,0
0,122,0,77,0.78,0,1
1,335,1,92,0.6,0,1
